{
  "Amazonas": {
    "capital": "Leticia",
    "ciudades": [
      "Puerto Nari\u00f1o",
      "Tarapac\u00e1",
      "La Victoria",
      "La Pedrera",
      "El Encanto",
      "Puerto Alegr\u00eda",
      "Araracuara",
      "Mirit\u00ed-Paran\u00e1",
      "Puerto Santander"
    ]
  },
  "Antioquia": {
    "capital": "Medell\u00edn",
    "ciudades": [
      "Bello",
      "Itag\u00fc\u00ed",
      "Envigado",
      "Rionegro",
      "Apartad\u00f3",
      "Turbo",
      "Caucasia",
      "La Ceja",
      "Sabaneta"
    ]
  },
  "Arauca": {
    "capital": "Arauca",
    "ciudades": [
      "Saravena",
      "Tame",
      "Arauquita",
      "Fortul",
      "Cravo Norte",
      "Puerto Rond\u00f3n",
      "La Esmeralda",
      "Panam\u00e1 de Arauca",
      "Puerto Jord\u00e1n"
    ]
  },
  "Atl\u00e1ntico": {
    "capital": "Barranquilla",
    "ciudades": [
      "Soledad",
      "Malambo",
      "Sabanalarga",
      "Puerto Colombia",
      "Galapa",
      "Santo Tom\u00e1s",
      "Palmar de Varela",
      "Baranoa",
      "Ponedera"
    ]
  },
  "Bogot\u00e1 D.C.": {
    "capital": "Bogot\u00e1",
    "ciudades": []
  },
  "Bol\u00edvar": {
    "capital": "Cartagena",
    "ciudades": [
      "Magangu\u00e9",
      "Turbaco",
      "Arjona",
      "El Carmen de Bol\u00edvar",
      "Mompox",
      "San Juan Nepomuceno",
      "San Estanislao",
      "Villanueva"
    ]
  },
  "Boyac\u00e1": {
    "capital": "Tunja",
    "ciudades": [
      "Duitama",
      "Sogamoso",
      "Chiquinquir\u00e1",
      "Paipa",
      "Samac\u00e1",
      "Nobsa",
      "Puerto Boyac\u00e1",
      "Moniquir\u00e1",
      "Villa de Leyva"
    ]
  },
  "Caldas": {
    "capital": "Manizales",
    "ciudades": [
      "Villamar\u00eda",
      "La Dorada",
      "Chinchin\u00e1",
      "Riosucio",
      "Anserma",
      "Sup\u00eda",
      "Aguadas",
      "Filadelfia",
      "Marmato"
    ]
  },
  "Caquet\u00e1": {
    "capital": "Florencia",
    "ciudades": [
      "San Vicente del Cagu\u00e1n",
      "Puerto Rico",
      "Cartagena del Chair\u00e1",
      "El Doncello",
      "La Monta\u00f1ita",
      "El Paujil",
      "Solano",
      "Solita",
      "Albania"
    ]
  },
  "Casanare": {
    "capital": "Yopal",
    "ciudades": [
      "Villanueva",
      "Aguazul",
      "Tauramena",
      "Paz de Ariporo",
      "Man\u00ed",
      "Monterrey",
      "Orocu\u00e9",
      "Trinidad",
      "Hato Corozal"
    ]
  },
  "Cauca": {
    "capital": "Popay\u00e1n",
    "ciudades": [
      "Santander de Quilichao",
      "Puerto Tejada",
      "Guachen\u00e9",
      "Pat\u00eda (El Bordo)",
      "Piendam\u00f3",
      "Caloto",
      "Morales",
      "Timb\u00edo",
      "El Tambo"
    ]
  },
  "Cesar": {
    "capital": "Valledupar",
    "ciudades": [
      "Aguachica",
      "Bosconia",
      "Curuman\u00ed",
      "La Paz",
      "Codazzi",
      "Chiriguan\u00e1",
      "La Jagua de Ibirico",
      "San Alberto",
      "El Copey"
    ]
  },
  "Choc\u00f3": {
    "capital": "Quibd\u00f3",
    "ciudades": [
      "Istmina",
      "Tad\u00f3",
      "Condoto",
      "Bah\u00eda Solano",
      "Jurad\u00f3",
      "Nuqu\u00ed",
      "Medio Atrato",
      "Acand\u00ed",
      "Sip\u00ed"
    ]
  },
  "C\u00f3rdoba": {
    "capital": "Monter\u00eda",
    "ciudades": [
      "Sahag\u00fan",
      "Lorica",
      "Montel\u00edbano",
      "Planeta Rica",
      "Tierralta",
      "Ceret\u00e9",
      "San Pelayo",
      "Chin\u00fa",
      "Puerto Libertador"
    ]
  },
  "Cundinamarca": {
    "capital": "Bogot\u00e1",
    "ciudades": [
      "Soacha",
      "Zipaquir\u00e1",
      "Facatativ\u00e1",
      "Ch\u00eda",
      "Fusagasug\u00e1",
      "Girardot",
      "Mosquera",
      "Madrid",
      "Cajic\u00e1"
    ]
  },
  "Guain\u00eda": {
    "capital": "In\u00edrida",
    "ciudades": [
      "Barrancominas",
      "Mapiripana",
      "San Felipe",
      "Puerto Colombia",
      "Cacahual",
      "La Guadalupe",
      "Pana Pana",
      "Morichal"
    ]
  },
  "Guaviare": {
    "capital": "San Jos\u00e9 del Guaviare",
    "ciudades": [
      "El Retorno",
      "Calamar",
      "Miraflores",
      "Capricho",
      "La Libertad",
      "Tomachip\u00e1n",
      "Charras",
      "Agua Bonita"
    ]
  },
  "Huila": {
    "capital": "Neiva",
    "ciudades": [
      "Pitalito",
      "Garz\u00f3n",
      "La Plata",
      "Campoalegre",
      "Palermo",
      "Gigante",
      "San Agust\u00edn",
      "Rivera",
      "Algeciras"
    ]
  },
  "La Guajira": {
    "capital": "Riohacha",
    "ciudades": [
      "Maicao",
      "Uribia",
      "Villanueva",
      "Fonseca",
      "Albania",
      "Manaure",
      "San Juan del Cesar",
      "Hatonuevo",
      "Dibulla"
    ]
  },
  "Magdalena": {
    "capital": "Santa Marta",
    "ciudades": [
      "Cienaga",
      "Fundacion",
      "Aracataca",
      "Plato",
      "El Banco",
      "Pivijay",
      "Zona Bananera",
      "Sabanas de San Angel",
      "Guamal"
    ]
  },
  "Meta": {
    "capital": "Villavicencio",
    "ciudades": [
      "Acacias",
      "Granada",
      "Puerto Lopez",
      "Cumaral",
      "Restrepo",
      "Puerto Gaitan",
      "San Martin",
      "Vista Hermosa",
      "La Macarena"
    ]
  },
  "Nari\u00f1o": {
    "capital": "Pasto",
    "ciudades": [
      "Tumaco",
      "Ipiales",
      "Tuquerres",
      "La Union",
      "Samaniego",
      "El Tambo",
      "Sandona",
      "Buesaco",
      "Guachucal"
    ]
  },
  "Norte de Santander": {
    "capital": "Cucuta",
    "ciudades": [
      "Ocana",
      "Villa del Rosario",
      "Los Patios",
      "Pamplona",
      "Tibu",
      "El Zulia",
      "Abrego",
      "Sardinata",
      "Chinacota"
    ]
  },
  "Putumayo": {
    "capital": "Mocoa",
    "ciudades": [
      "Puerto Asis",
      "Villagarzon",
      "Orito",
      "La Hormiga",
      "Puerto Caicedo",
      "San Miguel",
      "Puerto Leguizamo",
      "Santiago",
      "Colon"
    ]
  },
  "Quind\u00edo": {
    "capital": "Armenia",
    "ciudades": [
      "Calarca",
      "Montenegro",
      "La Tebaida",
      "Quimbaya",
      "Circasia",
      "Salento",
      "Filandia",
      "Buenavista",
      "Genova"
    ]
  },
  "Risaralda": {
    "capital": "Pereira",
    "ciudades": [
      "Dosquebradas",
      "Santa Rosa de Cabal",
      "La Virginia",
      "Marsella",
      "Apia",
      "Quinchia",
      "Belen de Umbria",
      "Santuario",
      "Mistrato"
    ]
  },
  "San Andr\u00e9s y Providencia": {
    "capital": "San Andres",
    "ciudades": [
      "Providencia",
      "Santa Catalina"
    ]
  },
  "Santander": {
    "capital": "Bucaramanga",
    "ciudades": [
      "Floridablanca",
      "Giron",
      "Piedecuesta",
      "Barrancabermeja",
      "San Gil",
      "Socorro",
      "Lebrija",
      "Malaga",
      "Cimitarra"
    ]
  },
  "Sucre": {
    "capital": "Sincelejo",
    "ciudades": [
      "Corozal",
      "Sampues",
      "Tolu",
      "San Marcos",
      "San Onofre",
      "Covenas",
      "Galeras",
      "Morroa",
      "Toluviejo"
    ]
  },
  "Tolima": {
    "capital": "Ibague",
    "ciudades": [
      "Espinal",
      "Melgar",
      "Honda",
      "Chaparral",
      "Lerida",
      "Mariquita",
      "Guamo",
      "Fresno",
      "Planadas"
    ]
  },
  "Valle del Cauca": {
    "capital": "Cali",
    "ciudades": [
      "Palmira",
      "Buenaventura",
      "Tulua",
      "Buga",
      "Yumbo",
      "Jamundi",
      "Cartago",
      "Zarzal",
      "Florida"
    ]
  },
  "Vaup\u00e9s": {
    "capital": "Mitu",
    "ciudades": [
      "Caruru",
      "Taraira",
      "Pacoa",
      "Papunaua",
      "Acaricuara",
      "Yavarate",
      "Querari",
      "Monfort",
      "Wacuraba"
    ]
  },
  "Vichada": {
    "capital": "Puerto Carreno",
    "ciudades": [
      "La Primavera",
      "Santa Rosalia",
      "Cumaribo",
      "Guerima",
      "Campo Alegre",
      "Santa Rita",
      "Santa Cecilia",
      "Paujil",
      "Puerto Principe"
    ]
  }
}