{
  "Amazonas": {
    "capital": "Leticia",
    "ciudades": [
      "Puerto Narino",
      "Tarapaca",
      "La Victoria",
      "La Pedrera",
      "El Encanto",
      "Puerto Alegria",
      "Araracuara",
      "Miriti-Parana",
      "Puerto Santander"
    ]
  },
  "Antioquia": {
    "capital": "Medellin",
    "ciudades": [
      "Bello",
      "Itagui",
      "Envigado",
      "Rionegro",
      "Apartado",
      "Turbo",
      "Caucasia",
      "La Ceja",
      "Sabaneta"
    ]
  },
  "Arauca": {
    "capital": "Arauca",
    "ciudades": [
      "Saravena",
      "Tame",
      "Arauquita",
      "Fortul",
      "Cravo Norte",
      "Puerto Rondon",
      "La Esmeralda",
      "Panama de Arauca",
      "Puerto Jordan"
    ]
  },
  "Atlantico": {
    "capital": "Barranquilla",
    "ciudades": [
      "Soledad",
      "Malambo",
      "Sabanalarga",
      "Puerto Colombia",
      "Galapa",
      "Santo Tomas",
      "Palmar de Varela",
      "Baranoa",
      "Ponedera"
    ]
  },
  "Bogota D.C.": {
    "capital": "Bogota",
    "ciudades": []
  },
  "Bolivar": {
    "capital": "Cartagena",
    "ciudades": [
      "Magangue",
      "Turbaco",
      "Arjona",
      "El Carmen de Bolivar",
      "Mompox",
      "San Juan Nepomuceno",
      "San Estanislao",
      "Villanueva"
    ]
  },
  "Boyaca": {
    "capital": "Tunja",
    "ciudades": [
      "Duitama",
      "Sogamoso",
      "Chiquinquira",
      "Paipa",
      "Samaca",
      "Nobsa",
      "Puerto Boyaca",
      "Moniquira",
      "Villa de Leyva"
    ]
  },
  "Caldas": {
    "capital": "Manizales",
    "ciudades": [
      "Villamaria",
      "La Dorada",
      "Chinchina",
      "Riosucio",
      "Anserma",
      "Supia",
      "Aguadas",
      "Filadelfia",
      "Marmato"
    ]
  },
  "Caqueta": {
    "capital": "Florencia",
    "ciudades": [
      "San Vicente del Caguan",
      "Puerto Rico",
      "Cartagena del Chaira",
      "El Doncello",
      "La Montanita",
      "El Paujil",
      "Solano",
      "Solita",
      "Albania"
    ]
  },
  "Casanare": {
    "capital": "Yopal",
    "ciudades": [
      "Villanueva",
      "Aguazul",
      "Tauramena",
      "Paz de Ariporo",
      "Mani",
      "Monterrey",
      "Orocue",
      "Trinidad",
      "Hato Corozal"
    ]
  },
  "Cauca": {
    "capital": "Popayan",
    "ciudades": [
      "Santander de Quilichao",
      "Puerto Tejada",
      "Guachene",
      "Patia (El Bordo)",
      "Piendamo",
      "Caloto",
      "Morales",
      "Timbio",
      "El Tambo"
    ]
  },
  "Cesar": {
    "capital": "Valledupar",
    "ciudades": [
      "Aguachica",
      "Bosconia",
      "Curumani",
      "La Paz",
      "Codazzi",
      "Chiriguana",
      "La Jagua de Ibirico",
      "San Alberto",
      "El Copey"
    ]
  },
  "Choco": {
    "capital": "Quibdo",
    "ciudades": [
      "Istmina",
      "Tado",
      "Condoto",
      "Bahia Solano",
      "Jurado",
      "Nuqui",
      "Medio Atrato",
      "Acandi",
      "Sipi"
    ]
  },
  "Cordoba": {
    "capital": "Monteria",
    "ciudades": [
      "Sahagun",
      "Lorica",
      "Montelibano",
      "Planeta Rica",
      "Tierralta",
      "Cerete",
      "San Pelayo",
      "Chinu",
      "Puerto Libertador"
    ]
  },
  "Cundinamarca": {
    "capital": "Bogota",
    "ciudades": [
      "Soacha",
      "Zipaquira",
      "Facatativa",
      "Chia",
      "Fusagasuga",
      "Girardot",
      "Mosquera",
      "Madrid",
      "Cajica"
    ]
  },
  "Guainia": {
    "capital": "Inirida",
    "ciudades": [
      "Barrancominas",
      "Mapiripana",
      "San Felipe",
      "Puerto Colombia",
      "Cacahual",
      "La Guadalupe",
      "Pana Pana",
      "Morichal"
    ]
  },
  "Guaviare": {
    "capital": "San Jose del Guaviare",
    "ciudades": [
      "El Retorno",
      "Calamar",
      "Miraflores",
      "Capricho",
      "La Libertad",
      "Tomachipan",
      "Charras",
      "Agua Bonita"
    ]
  },
  "Huila": {
    "capital": "Neiva",
    "ciudades": [
      "Pitalito",
      "Garzon",
      "La Plata",
      "Campoalegre",
      "Palermo",
      "Gigante",
      "San Agustin",
      "Rivera",
      "Algeciras"
    ]
  },
  "La Guajira": {
    "capital": "Riohacha",
    "ciudades": [
      "Maicao",
      "Uribia",
      "Villanueva",
      "Fonseca",
      "Albania",
      "Manaure",
      "San Juan del Cesar",
      "Hatonuevo",
      "Dibulla"
    ]
  },
  "Magdalena": {
    "capital": "Santa Marta",
    "ciudades": [
      "Cienaga",
      "Fundacion",
      "Aracataca",
      "Plato",
      "El Banco",
      "Pivijay",
      "Zona Bananera",
      "Sabanas de San Angel",
      "Guamal"
    ]
  },
  "Meta": {
    "capital": "Villavicencio",
    "ciudades": [
      "Acacias",
      "Granada",
      "Puerto Lopez",
      "Cumaral",
      "Restrepo",
      "Puerto Gaitan",
      "San Martin",
      "Vista Hermosa",
      "La Macarena"
    ]
  },
  "Narino": {
    "capital": "Pasto",
    "ciudades": [
      "Tumaco",
      "Ipiales",
      "Tuquerres",
      "La Union",
      "Samaniego",
      "El Tambo",
      "Sandona",
      "Buesaco",
      "Guachucal"
    ]
  },
  "Norte de Santander": {
    "capital": "Cucuta",
    "ciudades": [
      "Ocana",
      "Villa del Rosario",
      "Los Patios",
      "Pamplona",
      "Tibu",
      "El Zulia",
      "Abrego",
      "Sardinata",
      "Chinacota"
    ]
  },
  "Putumayo": {
    "capital": "Mocoa",
    "ciudades": [
      "Puerto Asis",
      "Villagarzon",
      "Orito",
      "La Hormiga (Valle del Guamuez)",
      "Puerto Caicedo",
      "San Miguel",
      "Puerto Leguizamo",
      "Santiago",
      "Colon"
    ]
  },
  "Quindio": {
    "capital": "Armenia",
    "ciudades": [
      "Calarca",
      "Montenegro",
      "La Tebaida",
      "Quimbaya",
      "Circasia",
      "Salento",
      "Filandia",
      "Buenavista",
      "Genova"
    ]
  },
  "Risaralda": {
    "capital": "Pereira",
    "ciudades": [
      "Dosquebradas",
      "Santa Rosa de Cabal",
      "La Virginia",
      "Marsella",
      "Apia",
      "Quinchia",
      "Belen de Umbria",
      "Santuario",
      "Mistrato"
    ]
  },
  "San Andres y Providencia": {
    "capital": "San Andres",
    "ciudades": [
      "Providencia",
      "Santa Catalina"
    ]
  },
  "Santander": {
    "capital": "Bucaramanga",
    "ciudades": [
      "Floridablanca",
      "Giron",
      "Piedecuesta",
      "Barrancabermeja",
      "San Gil",
      "Socorro",
      "Lebrija",
      "Malaga",
      "Cimitarra"
    ]
  },
  "Sucre": {
    "capital": "Sincelejo",
    "ciudades": [
      "Corozal",
      "Sampues",
      "Tolu",
      "San Marcos",
      "San Onofre",
      "Covenas",
      "Galeras",
      "Morroa",
      "Toluviejo"
    ]
  },
  "Tolima": {
    "capital": "Ibague",
    "ciudades": [
      "Espinal",
      "Melgar",
      "Honda",
      "Chaparral",
      "Lerida",
      "Mariquita",
      "Guamo",
      "Fresno",
      "Planadas"
    ]
  },
  "Valle del Cauca": {
    "capital": "Cali",
    "ciudades": [
      "Palmira",
      "Buenaventura",
      "Tulua",
      "Buga",
      "Yumbo",
      "Jamundi",
      "Cartago",
      "Zarzal",
      "Florida"
    ]
  },
  "Vaupes": {
    "capital": "Mitu",
    "ciudades": [
      "Caruru",
      "Taraira",
      "Pacoa",
      "Papunaua",
      "Acaricuara",
      "Yavarate",
      "Querari",
      "Monfort",
      "Wacuraba"
    ]
  },
  "Vichada": {
    "capital": "Puerto Carreno",
    "ciudades": [
      "La Primavera",
      "Santa Rosalia",
      "Cumaribo",
      "Guerima",
      "Campo Alegre",
      "Santa Rita",
      "Santa Cecilia",
      "Paujil",
      "Puerto Principe"
    ]
  }
}